{
  "accuracy": 0.75,
  "precision": 0.6666666666666666,
  "recall": 0.6666666666666666,
  "f1_score": 0.6666666666666666,
  "total_training_samples": 40,
  "vocabulary_size": 430,
  "model_type": "Logistic Regression with TF-IDF",
  "created_date": "2026-05-17 15:58:12"
}